Id,ranker_id,score
18144679,c9373e5f772e43d593dd6ad2fa90f67a,-1.0914843
18144680,c9373e5f772e43d593dd6ad2fa90f67a,-2.0624478
18144681,c9373e5f772e43d593dd6ad2fa90f67a,-3.2214763
18144682,c9373e5f772e43d593dd6ad2fa90f67a,-1.543036
18144683,c9373e5f772e43d593dd6ad2fa90f67a,-1.8399047
18144684,c9373e5f772e43d593dd6ad2fa90f67a,-2.7971325
18144685,c9373e5f772e43d593dd6ad2fa90f67a,-3.8658109
18144686,c9373e5f772e43d593dd6ad2fa90f67a,-1.0914843
18144687,c9373e5f772e43d593dd6ad2fa90f67a,-2.0624478
18144688,c9373e5f772e43d593dd6ad2fa90f67a,-3.2214763
18144689,c9373e5f772e43d593dd6ad2fa90f67a,-0.6967159
18144690,c9373e5f772e43d593dd6ad2fa90f67a,-1.5387897
18144691,c9373e5f772e43d593dd6ad2fa90f67a,-2.8077586
18144692,c9373e5f772e43d593dd6ad2fa90f67a,-3.8658109
18144693,c9373e5f772e43d593dd6ad2fa90f67a,-0.6967159
18144694,c9373e5f772e43d593dd6ad2fa90f67a,-1.5387897
18144695,c9373e5f772e43d593dd6ad2fa90f67a,-2.8077586
18144696,c9373e5f772e43d593dd6ad2fa90f67a,-3.8658109
18144697,c9373e5f772e43d593dd6ad2fa90f67a,-1.0647938
18144698,c9373e5f772e43d593dd6ad2fa90f67a,-2.0394065
18144699,c9373e5f772e43d593dd6ad2fa90f67a,-3.2214763
18144700,c9373e5f772e43d593dd6ad2fa90f67a,-1.0647938
18144701,c9373e5f772e43d593dd6ad2fa90f67a,-2.0394065
18144702,c9373e5f772e43d593dd6ad2fa90f67a,-3.2214763
18144703,c9373e5f772e43d593dd6ad2fa90f67a,-0.27744445
18144704,c9373e5f772e43d593dd6ad2fa90f67a,-1.004659
18144705,c9373e5f772e43d593dd6ad2fa90f67a,-2.2803395
18144706,c9373e5f772e43d593dd6ad2fa90f67a,-0.27744445
18144707,c9373e5f772e43d593dd6ad2fa90f67a,-1.004659
18144708,c9373e5f772e43d593dd6ad2fa90f67a,-2.2803395
18144709,c9373e5f772e43d593dd6ad2fa90f67a,-0.10685825
18144710,c9373e5f772e43d593dd6ad2fa90f67a,-0.8340728
18144711,c9373e5f772e43d593dd6ad2fa90f67a,-2.1836762
18144712,c9373e5f772e43d593dd6ad2fa90f67a,-0.10685825
18144713,c9373e5f772e43d593dd6ad2fa90f67a,-0.8340728
18144714,c9373e5f772e43d593dd6ad2fa90f67a,-2.1836762
18144715,c9373e5f772e43d593dd6ad2fa90f67a,-0.6967159
18144716,c9373e5f772e43d593dd6ad2fa90f67a,-1.5387897
18144717,c9373e5f772e43d593dd6ad2fa90f67a,-2.8077586
18144718,c9373e5f772e43d593dd6ad2fa90f67a,-3.8658109
18144719,c9373e5f772e43d593dd6ad2fa90f67a,-0.6967159
18144720,c9373e5f772e43d593dd6ad2fa90f67a,-1.5387897
18144721,c9373e5f772e43d593dd6ad2fa90f67a,-2.8077586
18144722,c9373e5f772e43d593dd6ad2fa90f67a,-3.8658109
18144723,c9373e5f772e43d593dd6ad2fa90f67a,-0.6967159
18144724,c9373e5f772e43d593dd6ad2fa90f67a,-1.5387897
18144725,c9373e5f772e43d593dd6ad2fa90f67a,-2.8077586
18144726,c9373e5f772e43d593dd6ad2fa90f67a,-3.8658109
18144727,c9373e5f772e43d593dd6ad2fa90f67a,-0.4545097
18144728,c9373e5f772e43d593dd6ad2fa90f67a,-1.2503757
18144729,c9373e5f772e43d593dd6ad2fa90f67a,-2.5958343
18144730,c9373e5f772e43d593dd6ad2fa90f67a,-3.668155
18144731,c9373e5f772e43d593dd6ad2fa90f67a,-0.4545097
18144732,c9373e5f772e43d593dd6ad2fa90f67a,-1.2503757
18144733,c9373e5f772e43d593dd6ad2fa90f67a,-2.5958343
18144734,c9373e5f772e43d593dd6ad2fa90f67a,-3.668155
18144735,c9373e5f772e43d593dd6ad2fa90f67a,-0.69088405
18144736,c9373e5f772e43d593dd6ad2fa90f67a,-1.3826725
18144737,c9373e5f772e43d593dd6ad2fa90f67a,-2.7117414
18144738,c9373e5f772e43d593dd6ad2fa90f67a,-3.813816
18144739,c9373e5f772e43d593dd6ad2fa90f67a,-0.69088405
18144740,c9373e5f772e43d593dd6ad2fa90f67a,-1.3826725
18144741,c9373e5f772e43d593dd6ad2fa90f67a,-2.7117414
18144742,c9373e5f772e43d593dd6ad2fa90f67a,-3.813816
18144743,c9373e5f772e43d593dd6ad2fa90f67a,-0.6729167
18144744,c9373e5f772e43d593dd6ad2fa90f67a,-1.3826725
18144745,c9373e5f772e43d593dd6ad2fa90f67a,-2.7117414
18144746,c9373e5f772e43d593dd6ad2fa90f67a,-3.813816
18144747,c9373e5f772e43d593dd6ad2fa90f67a,-0.6729167
18144748,c9373e5f772e43d593dd6ad2fa90f67a,-1.3826725
18144749,c9373e5f772e43d593dd6ad2fa90f67a,-2.7117414
18144750,c9373e5f772e43d593dd6ad2fa90f67a,-3.813816
18144751,c9373e5f772e43d593dd6ad2fa90f67a,0.020352848
18144752,c9373e5f772e43d593dd6ad2fa90f67a,-0.48819906
18144753,c9373e5f772e43d593dd6ad2fa90f67a,-2.0564651
18144754,c9373e5f772e43d593dd6ad2fa90f67a,-3.6702638
18144755,c9373e5f772e43d593dd6ad2fa90f67a,0.020352848
18144756,c9373e5f772e43d593dd6ad2fa90f67a,-0.48819906
18144757,c9373e5f772e43d593dd6ad2fa90f67a,-2.0564651
18144758,c9373e5f772e43d593dd6ad2fa90f67a,-3.6702638
18144759,c9373e5f772e43d593dd6ad2fa90f67a,0.020352848
18144760,c9373e5f772e43d593dd6ad2fa90f67a,-0.48819906
18144761,c9373e5f772e43d593dd6ad2fa90f67a,-2.0564651
18144762,c9373e5f772e43d593dd6ad2fa90f67a,-3.6702638
18144763,c9373e5f772e43d593dd6ad2fa90f67a,0.020352848
18144764,c9373e5f772e43d593dd6ad2fa90f67a,-0.48819906
18144765,c9373e5f772e43d593dd6ad2fa90f67a,-2.0564651
18144766,c9373e5f772e43d593dd6ad2fa90f67a,-3.6702638
18144767,c9373e5f772e43d593dd6ad2fa90f67a,-0.3408243
18144768,c9373e5f772e43d593dd6ad2fa90f67a,-1.151852
18144769,c9373e5f772e43d593dd6ad2fa90f67a,-2.5871716
18144770,c9373e5f772e43d593dd6ad2fa90f67a,-3.7240746
18144771,c9373e5f772e43d593dd6ad2fa90f67a,-0.3408243
18144772,c9373e5f772e43d593dd6ad2fa90f67a,-1.151852
18144773,c9373e5f772e43d593dd6ad2fa90f67a,-2.5871716
18144774,c9373e5f772e43d593dd6ad2fa90f67a,-3.7240746
18144775,c9373e5f772e43d593dd6ad2fa90f67a,-1.2564547
18144776,c9373e5f772e43d593dd6ad2fa90f67a,-2.0394065
18144777,c9373e5f772e43d593dd6ad2fa90f67a,-2.7079678
18144778,c9373e5f772e43d593dd6ad2fa90f67a,-1.2564547
18144779,c9373e5f772e43d593dd6ad2fa90f67a,-2.0394065
18144780,c9373e5f772e43d593dd6ad2fa90f67a,-2.7079678
18144781,c9373e5f772e43d593dd6ad2fa90f67a,-0.5129443
18144782,c9373e5f772e43d593dd6ad2fa90f67a,-1.0746707
18144783,c9373e5f772e43d593dd6ad2fa90f67a,-2.0127952
18144784,c9373e5f772e43d593dd6ad2fa90f67a,-1.2564547
18144785,c9373e5f772e43d593dd6ad2fa90f67a,-2.0394065
18144786,c9373e5f772e43d593dd6ad2fa90f67a,-2.7079678
18144787,c9373e5f772e43d593dd6ad2fa90f67a,-0.9877883
18144788,c9373e5f772e43d593dd6ad2fa90f67a,-1.7303369
18144789,c9373e5f772e43d593dd6ad2fa90f67a,-2.4525962
18144790,c9373e5f772e43d593dd6ad2fa90f67a,-0.83813065
18144791,c9373e5f772e43d593dd6ad2fa90f67a,-1.599463
18144792,c9373e5f772e43d593dd6ad2fa90f67a,-2.321722
18144793,c9373e5f772e43d593dd6ad2fa90f67a,-0.5129443
18144794,c9373e5f772e43d593dd6ad2fa90f67a,-1.0746707
18144795,c9373e5f772e43d593dd6ad2fa90f67a,-2.0127952
18144796,c9373e5f772e43d593dd6ad2fa90f67a,-0.9877883
18144797,c9373e5f772e43d593dd6ad2fa90f67a,-1.7303369
18144798,c9373e5f772e43d593dd6ad2fa90f67a,-2.4525962
18144799,c9373e5f772e43d593dd6ad2fa90f67a,-0.83813065
18144800,c9373e5f772e43d593dd6ad2fa90f67a,-1.599463
18144801,c9373e5f772e43d593dd6ad2fa90f67a,-2.321722
18144802,c9373e5f772e43d593dd6ad2fa90f67a,-1.543036
18144803,c9373e5f772e43d593dd6ad2fa90f67a,-1.8399047
18144804,c9373e5f772e43d593dd6ad2fa90f67a,-2.7971325
18144805,c9373e5f772e43d593dd6ad2fa90f67a,-3.8658109
18144806,c9373e5f772e43d593dd6ad2fa90f67a,-1.2746627
18144807,c9373e5f772e43d593dd6ad2fa90f67a,-1.5514909
18144808,c9373e5f772e43d593dd6ad2fa90f67a,-2.5852082
18144809,c9373e5f772e43d593dd6ad2fa90f67a,-3.668155
18144810,c9373e5f772e43d593dd6ad2fa90f67a,-1.2746627
18144811,c9373e5f772e43d593dd6ad2fa90f67a,-1.5514909
18144812,c9373e5f772e43d593dd6ad2fa90f67a,-2.5852082
18144813,c9373e5f772e43d593dd6ad2fa90f67a,-3.668155
18144814,c9373e5f772e43d593dd6ad2fa90f67a,-1.2746627
18144815,c9373e5f772e43d593dd6ad2fa90f67a,-1.5514909
18144816,c9373e5f772e43d593dd6ad2fa90f67a,-2.5852082
18144817,c9373e5f772e43d593dd6ad2fa90f67a,-3.668155
18144818,c9373e5f772e43d593dd6ad2fa90f67a,-1.4499676
18144819,c9373e5f772e43d593dd6ad2fa90f67a,-1.5863589
18144820,c9373e5f772e43d593dd6ad2fa90f67a,-2.7011154
18144821,c9373e5f772e43d593dd6ad2fa90f67a,-3.813816
18144822,c9373e5f772e43d593dd6ad2fa90f67a,-1.4499676
18144823,c9373e5f772e43d593dd6ad2fa90f67a,-1.5863589
18144824,c9373e5f772e43d593dd6ad2fa90f67a,-2.7011154
18144825,c9373e5f772e43d593dd6ad2fa90f67a,-3.813816
18144826,c9373e5f772e43d593dd6ad2fa90f67a,-1.4499676
18144827,c9373e5f772e43d593dd6ad2fa90f67a,-1.5863589
18144828,c9373e5f772e43d593dd6ad2fa90f67a,-2.7011154
18144829,c9373e5f772e43d593dd6ad2fa90f67a,-3.813816
18144830,c9373e5f772e43d593dd6ad2fa90f67a,-1.4499676
18144831,c9373e5f772e43d593dd6ad2fa90f67a,-1.5863589
18144832,c9373e5f772e43d593dd6ad2fa90f67a,-2.7011154
18144833,c9373e5f772e43d593dd6ad2fa90f67a,-3.813816
18144834,c9373e5f772e43d593dd6ad2fa90f67a,-1.4499676
18144835,c9373e5f772e43d593dd6ad2fa90f67a,-1.5863589
18144836,c9373e5f772e43d593dd6ad2fa90f67a,-2.7011154
18144837,c9373e5f772e43d593dd6ad2fa90f67a,-3.813816
18144838,c9373e5f772e43d593dd6ad2fa90f67a,-1.4499676
18144839,c9373e5f772e43d593dd6ad2fa90f67a,-1.5863589
18144840,c9373e5f772e43d593dd6ad2fa90f67a,-2.7011154
18144841,c9373e5f772e43d593dd6ad2fa90f67a,-3.813816
18144842,c9373e5f772e43d593dd6ad2fa90f67a,-0.69010025
18144843,c9373e5f772e43d593dd6ad2fa90f67a,-0.6738278
18144844,c9373e5f772e43d593dd6ad2fa90f67a,-2.045839
18144845,c9373e5f772e43d593dd6ad2fa90f67a,-3.6702638
18144846,c9373e5f772e43d593dd6ad2fa90f67a,-0.69010025
18144847,c9373e5f772e43d593dd6ad2fa90f67a,-0.6738278
18144848,c9373e5f772e43d593dd6ad2fa90f67a,-2.045839
18144849,c9373e5f772e43d593dd6ad2fa90f67a,-3.6702638
18144850,c9373e5f772e43d593dd6ad2fa90f67a,-0.69010025
18144851,c9373e5f772e43d593dd6ad2fa90f67a,-0.6738278
18144852,c9373e5f772e43d593dd6ad2fa90f67a,-2.045839
18144853,c9373e5f772e43d593dd6ad2fa90f67a,-3.6702638
18144854,c9373e5f772e43d593dd6ad2fa90f67a,-0.69010025
18144855,c9373e5f772e43d593dd6ad2fa90f67a,-0.6738278
18144856,c9373e5f772e43d593dd6ad2fa90f67a,-2.045839
18144857,c9373e5f772e43d593dd6ad2fa90f67a,-3.6702638
18144858,c9373e5f772e43d593dd6ad2fa90f67a,-0.69010025
18144859,c9373e5f772e43d593dd6ad2fa90f67a,-0.6738278
18144860,c9373e5f772e43d593dd6ad2fa90f67a,-2.045839
18144861,c9373e5f772e43d593dd6ad2fa90f67a,-3.6702638
18144862,c9373e5f772e43d593dd6ad2fa90f67a,-0.69010025
18144863,c9373e5f772e43d593dd6ad2fa90f67a,-0.6738278
18144864,c9373e5f772e43d593dd6ad2fa90f67a,-2.045839
18144865,c9373e5f772e43d593dd6ad2fa90f67a,-3.6702638
18144866,c9373e5f772e43d593dd6ad2fa90f67a,-1.2210969
18144867,c9373e5f772e43d593dd6ad2fa90f67a,-2.560852
18144868,c9373e5f772e43d593dd6ad2fa90f67a,-2.409389
18144869,c9373e5f772e43d593dd6ad2fa90f67a,-1.1761388
18144870,c9373e5f772e43d593dd6ad2fa90f67a,-1.4767182
18144871,c9373e5f772e43d593dd6ad2fa90f67a,-2.5765455
18144872,c9373e5f772e43d593dd6ad2fa90f67a,-3.7240746
18144873,c9373e5f772e43d593dd6ad2fa90f67a,-1.1761388
18144874,c9373e5f772e43d593dd6ad2fa90f67a,-1.4767182
18144875,c9373e5f772e43d593dd6ad2fa90f67a,-2.5765455
18144876,c9373e5f772e43d593dd6ad2fa90f67a,-3.7240746
18144877,c9373e5f772e43d593dd6ad2fa90f67a,-1.1761388
18144878,c9373e5f772e43d593dd6ad2fa90f67a,-1.4767182
18144879,c9373e5f772e43d593dd6ad2fa90f67a,-2.5765455
18144880,c9373e5f772e43d593dd6ad2fa90f67a,-3.7240746
18144881,c9373e5f772e43d593dd6ad2fa90f67a,-1.5066274
18144882,c9373e5f772e43d593dd6ad2fa90f67a,-2.8210397
18144883,c9373e5f772e43d593dd6ad2fa90f67a,-2.7128248
18144884,c9373e5f772e43d593dd6ad2fa90f67a,-1.7710764
18144885,c9373e5f772e43d593dd6ad2fa90f67a,-2.9863245
18144886,c9373e5f772e43d593dd6ad2fa90f67a,-2.8169987
18144887,c9373e5f772e43d593dd6ad2fa90f67a,-0.60305905
18144888,c9373e5f772e43d593dd6ad2fa90f67a,-1.981735
18144889,c9373e5f772e43d593dd6ad2fa90f67a,-1.8302721
18144890,c9373e5f772e43d593dd6ad2fa90f67a,-1.7780757
18144891,c9373e5f772e43d593dd6ad2fa90f67a,-2.9423718
18144892,c9373e5f772e43d593dd6ad2fa90f67a,-2.809311
18144893,c9373e5f772e43d593dd6ad2fa90f67a,-1.647202
18144894,c9373e5f772e43d593dd6ad2fa90f67a,-2.8114977
18144895,c9373e5f772e43d593dd6ad2fa90f67a,-2.6784368
18144896,c9373e5f772e43d593dd6ad2fa90f67a,-1.2210969
18144897,c9373e5f772e43d593dd6ad2fa90f67a,-2.560852
18144898,c9373e5f772e43d593dd6ad2fa90f67a,-2.409389
18144899,c9373e5f772e43d593dd6ad2fa90f67a,-2.0456865
18144900,c9373e5f772e43d593dd6ad2fa90f67a,-3.2214763
18144901,c9373e5f772e43d593dd6ad2fa90f67a,-3.0646827
18144902,c9373e5f772e43d593dd6ad2fa90f67a,-1.4519867
18144903,c9373e5f772e43d593dd6ad2fa90f67a,-2.8205388
18144904,c9373e5f772e43d593dd6ad2fa90f67a,-2.6899407
18144905,c9373e5f772e43d593dd6ad2fa90f67a,-1.5066274
18144906,c9373e5f772e43d593dd6ad2fa90f67a,-2.8210397
18144907,c9373e5f772e43d593dd6ad2fa90f67a,-2.7128248
18144908,c9373e5f772e43d593dd6ad2fa90f67a,-1.7710764
18144909,c9373e5f772e43d593dd6ad2fa90f67a,-2.9863245
18144910,c9373e5f772e43d593dd6ad2fa90f67a,-2.8169987
18144911,c9373e5f772e43d593dd6ad2fa90f67a,-0.60305905
18144912,c9373e5f772e43d593dd6ad2fa90f67a,-1.981735
18144913,c9373e5f772e43d593dd6ad2fa90f67a,-1.8302721
18144914,c9373e5f772e43d593dd6ad2fa90f67a,-1.7780757
18144915,c9373e5f772e43d593dd6ad2fa90f67a,-2.9423718
18144916,c9373e5f772e43d593dd6ad2fa90f67a,-2.809311
18144917,c9373e5f772e43d593dd6ad2fa90f67a,-1.647202
18144918,c9373e5f772e43d593dd6ad2fa90f67a,-2.8114977
18144919,c9373e5f772e43d593dd6ad2fa90f67a,-2.6784368
18144920,c9373e5f772e43d593dd6ad2fa90f67a,-1.4519867
18144921,c9373e5f772e43d593dd6ad2fa90f67a,-2.8205388
18144922,c9373e5f772e43d593dd6ad2fa90f67a,-2.6899407
18144923,c9373e5f772e43d593dd6ad2fa90f67a,-1.291424
18144924,c9373e5f772e43d593dd6ad2fa90f67a,-2.5958343
18144925,c9373e5f772e43d593dd6ad2fa90f67a,-2.032618
18144926,c9373e5f772e43d593dd6ad2fa90f67a,-3.668155
18144927,c9373e5f772e43d593dd6ad2fa90f67a,-1.4667289
18144928,c9373e5f772e43d593dd6ad2fa90f67a,-2.7117414
18144929,c9373e5f772e43d593dd6ad2fa90f67a,-2.1309516
18144930,c9373e5f772e43d593dd6ad2fa90f67a,-3.813816
18144931,c9373e5f772e43d593dd6ad2fa90f67a,-1.4667289
18144932,c9373e5f772e43d593dd6ad2fa90f67a,-2.7117414
18144933,c9373e5f772e43d593dd6ad2fa90f67a,-2.1309516
18144934,c9373e5f772e43d593dd6ad2fa90f67a,-3.813816
18144935,c9373e5f772e43d593dd6ad2fa90f67a,-0.7068617
18144936,c9373e5f772e43d593dd6ad2fa90f67a,-2.0564651
18144937,c9373e5f772e43d593dd6ad2fa90f67a,-1.5061094
18144938,c9373e5f772e43d593dd6ad2fa90f67a,-3.6702638
18144939,c9373e5f772e43d593dd6ad2fa90f67a,-0.7068617
18144940,c9373e5f772e43d593dd6ad2fa90f67a,-2.0564651
18144941,c9373e5f772e43d593dd6ad2fa90f67a,-1.5061094
18144942,c9373e5f772e43d593dd6ad2fa90f67a,-3.6702638
18144943,c9373e5f772e43d593dd6ad2fa90f67a,-1.5233887
18144944,c9373e5f772e43d593dd6ad2fa90f67a,-2.8210397
18144945,c9373e5f772e43d593dd6ad2fa90f67a,-2.7128248
18144946,c9373e5f772e43d593dd6ad2fa90f67a,-1.7878377
18144947,c9373e5f772e43d593dd6ad2fa90f67a,-2.9863245
18144948,c9373e5f772e43d593dd6ad2fa90f67a,-2.8169987
18144949,c9373e5f772e43d593dd6ad2fa90f67a,-0.6198204
18144950,c9373e5f772e43d593dd6ad2fa90f67a,-1.981735
18144951,c9373e5f772e43d593dd6ad2fa90f67a,-1.8302721
18144952,c9373e5f772e43d593dd6ad2fa90f67a,-1.291424
18144953,c9373e5f772e43d593dd6ad2fa90f67a,-2.5958343
18144954,c9373e5f772e43d593dd6ad2fa90f67a,-2.032618
18144955,c9373e5f772e43d593dd6ad2fa90f67a,-3.668155
18144956,c9373e5f772e43d593dd6ad2fa90f67a,-1.1929001
18144957,c9373e5f772e43d593dd6ad2fa90f67a,-2.5871716
18144958,c9373e5f772e43d593dd6ad2fa90f67a,-2.0410697
18144959,c9373e5f772e43d593dd6ad2fa90f67a,-3.7240746
18144960,c9373e5f772e43d593dd6ad2fa90f67a,-1.4667289
18144961,c9373e5f772e43d593dd6ad2fa90f67a,-2.7117414
18144962,c9373e5f772e43d593dd6ad2fa90f67a,-2.1309516
18144963,c9373e5f772e43d593dd6ad2fa90f67a,-3.813816
18144964,c9373e5f772e43d593dd6ad2fa90f67a,-1.4667289
18144965,c9373e5f772e43d593dd6ad2fa90f67a,-2.7117414
18144966,c9373e5f772e43d593dd6ad2fa90f67a,-2.1309516
18144967,c9373e5f772e43d593dd6ad2fa90f67a,-3.813816
18144968,c9373e5f772e43d593dd6ad2fa90f67a,-0.7068617
18144969,c9373e5f772e43d593dd6ad2fa90f67a,-2.0564651
18144970,c9373e5f772e43d593dd6ad2fa90f67a,-1.5061094
18144971,c9373e5f772e43d593dd6ad2fa90f67a,-3.6702638
18144972,c9373e5f772e43d593dd6ad2fa90f67a,-0.7068617
18144973,c9373e5f772e43d593dd6ad2fa90f67a,-2.0564651
18144974,c9373e5f772e43d593dd6ad2fa90f67a,-1.5061094
18144975,c9373e5f772e43d593dd6ad2fa90f67a,-3.6702638
18144976,c9373e5f772e43d593dd6ad2fa90f67a,-1.2378584
18144977,c9373e5f772e43d593dd6ad2fa90f67a,-2.560852
18144978,c9373e5f772e43d593dd6ad2fa90f67a,-2.409389
18144979,c9373e5f772e43d593dd6ad2fa90f67a,-1.2378584
18144980,c9373e5f772e43d593dd6ad2fa90f67a,-2.560852
18144981,c9373e5f772e43d593dd6ad2fa90f67a,-2.409389
18144982,c9373e5f772e43d593dd6ad2fa90f67a,-1.468748
18144983,c9373e5f772e43d593dd6ad2fa90f67a,-2.8205388
18144984,c9373e5f772e43d593dd6ad2fa90f67a,-2.6899407
18144985,c9373e5f772e43d593dd6ad2fa90f67a,-1.5233887
18144986,c9373e5f772e43d593dd6ad2fa90f67a,-2.8210397
18144987,c9373e5f772e43d593dd6ad2fa90f67a,-2.7128248
18144988,c9373e5f772e43d593dd6ad2fa90f67a,-1.7878377
18144989,c9373e5f772e43d593dd6ad2fa90f67a,-2.9863245
18144990,c9373e5f772e43d593dd6ad2fa90f67a,-2.8169987
18144991,c9373e5f772e43d593dd6ad2fa90f67a,-0.6198204
18144992,c9373e5f772e43d593dd6ad2fa90f67a,-1.981735
18144993,c9373e5f772e43d593dd6ad2fa90f67a,-1.8302721
18144994,c9373e5f772e43d593dd6ad2fa90f67a,-1.1929001
18144995,c9373e5f772e43d593dd6ad2fa90f67a,-2.5871716
18144996,c9373e5f772e43d593dd6ad2fa90f67a,-2.0410697
18144997,c9373e5f772e43d593dd6ad2fa90f67a,-3.7240746
18144998,c9373e5f772e43d593dd6ad2fa90f67a,-1.7788374
18144999,c9373e5f772e43d593dd6ad2fa90f67a,-2.9423718
18145000,c9373e5f772e43d593dd6ad2fa90f67a,-2.809311
18145001,c9373e5f772e43d593dd6ad2fa90f67a,-1.7788374
18145002,c9373e5f772e43d593dd6ad2fa90f67a,-2.9423718
18145003,c9373e5f772e43d593dd6ad2fa90f67a,-2.809311
18145004,c9373e5f772e43d593dd6ad2fa90f67a,-1.6479638
18145005,c9373e5f772e43d593dd6ad2fa90f67a,-2.8114977
18145006,c9373e5f772e43d593dd6ad2fa90f67a,-2.6784368
18145007,c9373e5f772e43d593dd6ad2fa90f67a,-1.6479638
18145008,c9373e5f772e43d593dd6ad2fa90f67a,-2.8114977
18145009,c9373e5f772e43d593dd6ad2fa90f67a,-2.6784368
18145010,c9373e5f772e43d593dd6ad2fa90f67a,-1.468748
18145011,c9373e5f772e43d593dd6ad2fa90f67a,-2.8205388
18145012,c9373e5f772e43d593dd6ad2fa90f67a,-2.6899407
18145013,c9373e5f772e43d593dd6ad2fa90f67a,-1.2378584
18145014,c9373e5f772e43d593dd6ad2fa90f67a,-2.560852
18145015,c9373e5f772e43d593dd6ad2fa90f67a,-2.409389
18145016,c9373e5f772e43d593dd6ad2fa90f67a,-1.7788374
18145017,c9373e5f772e43d593dd6ad2fa90f67a,-2.9423718
18145018,c9373e5f772e43d593dd6ad2fa90f67a,-2.809311
18145019,c9373e5f772e43d593dd6ad2fa90f67a,-1.6479638
18145020,c9373e5f772e43d593dd6ad2fa90f67a,-2.8114977
18145021,c9373e5f772e43d593dd6ad2fa90f67a,-2.6784368
18145022,c9373e5f772e43d593dd6ad2fa90f67a,-1.4763502
18145023,c9373e5f772e43d593dd6ad2fa90f67a,-2.8210397
18145024,c9373e5f772e43d593dd6ad2fa90f67a,-3.2301087
18145025,c9373e5f772e43d593dd6ad2fa90f67a,-1.4763502
18145026,c9373e5f772e43d593dd6ad2fa90f67a,-2.8210397
18145027,c9373e5f772e43d593dd6ad2fa90f67a,-3.2301087
18145028,c9373e5f772e43d593dd6ad2fa90f67a,-1.740799
18145029,c9373e5f772e43d593dd6ad2fa90f67a,-2.9863245
18145030,c9373e5f772e43d593dd6ad2fa90f67a,-3.3182242
18145031,c9373e5f772e43d593dd6ad2fa90f67a,-1.740799
18145032,c9373e5f772e43d593dd6ad2fa90f67a,-2.9863245
18145033,c9373e5f772e43d593dd6ad2fa90f67a,-3.3182242
18145034,c9373e5f772e43d593dd6ad2fa90f67a,-0.45752656
18145035,c9373e5f772e43d593dd6ad2fa90f67a,-1.981735
18145036,c9373e5f772e43d593dd6ad2fa90f67a,-2.4080417
18145037,c9373e5f772e43d593dd6ad2fa90f67a,-0.45752656
18145038,c9373e5f772e43d593dd6ad2fa90f67a,-1.981735
18145039,c9373e5f772e43d593dd6ad2fa90f67a,-2.4080417
18145040,c9373e5f772e43d593dd6ad2fa90f67a,-1.4457067
18145041,c9373e5f772e43d593dd6ad2fa90f67a,-2.8205388
18145042,c9373e5f772e43d593dd6ad2fa90f67a,-3.2072241
18145043,c9373e5f772e43d593dd6ad2fa90f67a,-1.4457067
18145044,c9373e5f772e43d593dd6ad2fa90f67a,-2.8205388
18145045,c9373e5f772e43d593dd6ad2fa90f67a,-3.2072241
18145046,c9373e5f772e43d593dd6ad2fa90f67a,-1.094711
18145047,c9373e5f772e43d593dd6ad2fa90f67a,-2.560852
18145048,c9373e5f772e43d593dd6ad2fa90f67a,-2.9352453
18145049,c9373e5f772e43d593dd6ad2fa90f67a,-1.4763502
18145050,c9373e5f772e43d593dd6ad2fa90f67a,-2.8210397
18145051,c9373e5f772e43d593dd6ad2fa90f67a,-3.2301087
18145052,c9373e5f772e43d593dd6ad2fa90f67a,-1.740799
18145053,c9373e5f772e43d593dd6ad2fa90f67a,-2.9863245
18145054,c9373e5f772e43d593dd6ad2fa90f67a,-3.3182242
18145055,c9373e5f772e43d593dd6ad2fa90f67a,-0.45752656
18145056,c9373e5f772e43d593dd6ad2fa90f67a,-1.981735
18145057,c9373e5f772e43d593dd6ad2fa90f67a,-2.4080417
18145058,c9373e5f772e43d593dd6ad2fa90f67a,-1.7557962
18145059,c9373e5f772e43d593dd6ad2fa90f67a,-2.9661052
18145060,c9373e5f772e43d593dd6ad2fa90f67a,-3.3133001
18145061,c9373e5f772e43d593dd6ad2fa90f67a,-1.6249223
18145062,c9373e5f772e43d593dd6ad2fa90f67a,-2.835231
18145063,c9373e5f772e43d593dd6ad2fa90f67a,-3.1977901
18145064,c9373e5f772e43d593dd6ad2fa90f67a,-1.4457067
18145065,c9373e5f772e43d593dd6ad2fa90f67a,-2.8205388
18145066,c9373e5f772e43d593dd6ad2fa90f67a,-3.2072241
18145067,c9373e5f772e43d593dd6ad2fa90f67a,-1.4563097
18145068,c9373e5f772e43d593dd6ad2fa90f67a,-2.8210397
18145069,c9373e5f772e43d593dd6ad2fa90f67a,-3.2301087
18145070,c9373e5f772e43d593dd6ad2fa90f67a,-1.7207584
18145071,c9373e5f772e43d593dd6ad2fa90f67a,-2.9863245
18145072,c9373e5f772e43d593dd6ad2fa90f67a,-3.3182242
18145073,c9373e5f772e43d593dd6ad2fa90f67a,-0.43748605
18145074,c9373e5f772e43d593dd6ad2fa90f67a,-1.981735
18145075,c9373e5f772e43d593dd6ad2fa90f67a,-2.4080417
18145076,c9373e5f772e43d593dd6ad2fa90f67a,-1.4256662
18145077,c9373e5f772e43d593dd6ad2fa90f67a,-2.8205388
18145078,c9373e5f772e43d593dd6ad2fa90f67a,-3.2072241
18145079,c9373e5f772e43d593dd6ad2fa90f67a,-3.4378765
18145080,c9373e5f772e43d593dd6ad2fa90f67a,-3.998872
18145081,c9373e5f772e43d593dd6ad2fa90f67a,-3.998872
18145082,c9373e5f772e43d593dd6ad2fa90f67a,-3.4378765
18145083,c9373e5f772e43d593dd6ad2fa90f67a,-3.998872
18145084,c9373e5f772e43d593dd6ad2fa90f67a,-3.998872
18145085,c9373e5f772e43d593dd6ad2fa90f67a,-3.5841975
18145086,c9373e5f772e43d593dd6ad2fa90f67a,-4.140362
18145087,c9373e5f772e43d593dd6ad2fa90f67a,-4.140362
18145088,c9373e5f772e43d593dd6ad2fa90f67a,-3.5841975
18145089,c9373e5f772e43d593dd6ad2fa90f67a,-4.140362
18145090,c9373e5f772e43d593dd6ad2fa90f67a,-4.140362
18145091,2e6b0b51f761433cb28fae7c439db04c,-2.8021178
18145092,2e6b0b51f761433cb28fae7c439db04c,-3.5887182
18145093,2e6b0b51f761433cb28fae7c439db04c,-3.8114936
18145094,2e6b0b51f761433cb28fae7c439db04c,-3.5398633
18145095,2e6b0b51f761433cb28fae7c439db04c,-3.5398633
18145096,2e6b0b51f761433cb28fae7c439db04c,-2.935972
18145097,2e6b0b51f761433cb28fae7c439db04c,-3.8783987
18145098,2e6b0b51f761433cb28fae7c439db04c,-4.1659036
18145099,2e6b0b51f761433cb28fae7c439db04c,-3.5887182
18145100,2e6b0b51f761433cb28fae7c439db04c,-3.5887182
18145101,2e6b0b51f761433cb28fae7c439db04c,-3.8114936
18145102,2e6b0b51f761433cb28fae7c439db04c,-3.8783987
18145103,2e6b0b51f761433cb28fae7c439db04c,-3.8783987
18145104,2e6b0b51f761433cb28fae7c439db04c,-4.1659036
18145105,2e6b0b51f761433cb28fae7c439db04c,-3.5050128
18145106,2e6b0b51f761433cb28fae7c439db04c,-3.8738556
18145107,2e6b0b51f761433cb28fae7c439db04c,-3.9212582
18145108,2e6b0b51f761433cb28fae7c439db04c,-4.2834587
18145109,2e6b0b51f761433cb28fae7c439db04c,-3.2599611
18145110,2e6b0b51f761433cb28fae7c439db04c,-3.24161
18145111,2e6b0b51f761433cb28fae7c439db04c,-3.2599611
18145112,2e6b0b51f761433cb28fae7c439db04c,-3.6927998
18145113,2e6b0b51f761433cb28fae7c439db04c,-3.2599611
18145114,2e6b0b51f761433cb28fae7c439db04c,-3.6927998
18145115,2e6b0b51f761433cb28fae7c439db04c,-3.7102935
18145116,2e6b0b51f761433cb28fae7c439db04c,-4.1730676
18145117,2e6b0b51f761433cb28fae7c439db04c,-4.3901362
18145118,2e6b0b51f761433cb28fae7c439db04c,-4.3901362
18145119,2e6b0b51f761433cb28fae7c439db04c,-4.4269753
18145120,2e6b0b51f761433cb28fae7c439db04c,-4.4269753
18145121,2e6b0b51f761433cb28fae7c439db04c,-4.4269753
18145122,2e6b0b51f761433cb28fae7c439db04c,-4.1730676
18145123,2e6b0b51f761433cb28fae7c439db04c,-4.3901362
18145124,2e6b0b51f761433cb28fae7c439db04c,-4.3901362
18145125,2e6b0b51f761433cb28fae7c439db04c,-4.1730676
18145126,2e6b0b51f761433cb28fae7c439db04c,-4.3901362
18145127,2e6b0b51f761433cb28fae7c439db04c,-4.3901362
18145128,2e6b0b51f761433cb28fae7c439db04c,-4.4269753
18145129,2e6b0b51f761433cb28fae7c439db04c,-4.4269753
18145130,2e6b0b51f761433cb28fae7c439db04c,-4.4269753
18145131,2e6b0b51f761433cb28fae7c439db04c,-4.4269753
18145132,2e6b0b51f761433cb28fae7c439db04c,-4.4269753
18145133,2e6b0b51f761433cb28fae7c439db04c,-4.4269753
18145134,2e6b0b51f761433cb28fae7c439db04c,-4.4269753
18145135,2e6b0b51f761433cb28fae7c439db04c,-4.4269753
18145136,2e6b0b51f761433cb28fae7c439db04c,-4.4269753
18145137,2e6b0b51f761433cb28fae7c439db04c,-4.4269753
18145138,2e6b0b51f761433cb28fae7c439db04c,-4.4269753
18145139,2e6b0b51f761433cb28fae7c439db04c,-4.4269753
18145140,2e6b0b51f761433cb28fae7c439db04c,-4.4269753
18145141,2e6b0b51f761433cb28fae7c439db04c,-4.4269753
18145142,2e6b0b51f761433cb28fae7c439db04c,-4.4269753
18145143,2e6b0b51f761433cb28fae7c439db04c,-4.1369042
18145144,2e6b0b51f761433cb28fae7c439db04c,-4.1234083
18145145,2e6b0b51f761433cb28fae7c439db04c,-3.0466783
18145146,2e6b0b51f761433cb28fae7c439db04c,-4.2467794
18145147,2e6b0b51f761433cb28fae7c439db04c,-4.185504
18145148,2e6b0b51f761433cb28fae7c439db04c,-4.185504
18145149,2e6b0b51f761433cb28fae7c439db04c,-4.185504
18145150,2e6b0b51f761433cb28fae7c439db04c,-3.9835312
18145151,2e6b0b51f761433cb28fae7c439db04c,-4.2467794
18145152,2e6b0b51f761433cb28fae7c439db04c,-4.076353
18145153,2e6b0b51f761433cb28fae7c439db04c,-4.0036416
18145154,2e6b0b51f761433cb28fae7c439db04c,-3.9835312
18145155,2e6b0b51f761433cb28fae7c439db04c,-4.185504
18145156,2e6b0b51f761433cb28fae7c439db04c,-4.011305
18145157,2e6b0b51f761433cb28fae7c439db04c,-3.7102935
18145158,2e6b0b51f761433cb28fae7c439db04c,-4.185504
18145159,2e6b0b51f761433cb28fae7c439db04c,-4.0036416
18145160,2e6b0b51f761433cb28fae7c439db04c,-4.185504
18145161,2e6b0b51f761433cb28fae7c439db04c,-4.0036416
18145162,2e6b0b51f761433cb28fae7c439db04c,-4.011305
18145163,2e6b0b51f761433cb28fae7c439db04c,-3.9835312
18145164,2e6b0b51f761433cb28fae7c439db04c,-4.076353
18145165,2e6b0b51f761433cb28fae7c439db04c,-3.9835312
18145166,2e6b0b51f761433cb28fae7c439db04c,-4.0036416
18145167,2e6b0b51f761433cb28fae7c439db04c,-4.0036416
18145168,2e6b0b51f761433cb28fae7c439db04c,-4.011305
18145169,2e6b0b51f761433cb28fae7c439db04c,-4.0036416
18145170,2e6b0b51f761433cb28fae7c439db04c,-4.011305
18145171,2e6b0b51f761433cb28fae7c439db04c,-4.1069603
18145172,2e6b0b51f761433cb28fae7c439db04c,-4.045404
18145173,2e6b0b51f761433cb28fae7c439db04c,-4.1069603
18145174,2e6b0b51f761433cb28fae7c439db04c,-4.045404
18145175,2e6b0b51f761433cb28fae7c439db04c,-3.9835312
18145176,2e6b0b51f761433cb28fae7c439db04c,-4.2823515
18145177,2e6b0b51f761433cb28fae7c439db04c,-4.2467794
18145178,2e6b0b51f761433cb28fae7c439db04c,-4.011305
18145179,2e6b0b51f761433cb28fae7c439db04c,-3.9835312
18145180,2e6b0b51f761433cb28fae7c439db04c,-4.185504
18145181,2e6b0b51f761433cb28fae7c439db04c,-4.185504
18145182,2e6b0b51f761433cb28fae7c439db04c,-4.011305
18145183,2e6b0b51f761433cb28fae7c439db04c,-4.1069603
18145184,2e6b0b51f761433cb28fae7c439db04c,-4.045404
18145185,2e6b0b51f761433cb28fae7c439db04c,-4.1069603
18145186,2e6b0b51f761433cb28fae7c439db04c,-4.045404
18145187,2e6b0b51f761433cb28fae7c439db04c,-3.913413
18145188,2e6b0b51f761433cb28fae7c439db04c,-4.306478
18145189,2e6b0b51f761433cb28fae7c439db04c,-4.2823515
18145190,2e6b0b51f761433cb28fae7c439db04c,-3.8856397
18145191,2e6b0b51f761433cb28fae7c439db04c,-4.2467794
18145192,2e6b0b51f761433cb28fae7c439db04c,-4.076353
18145193,2e6b0b51f761433cb28fae7c439db04c,-3.9835312
18145194,2e6b0b51f761433cb28fae7c439db04c,-3.913413
18145195,2e6b0b51f761433cb28fae7c439db04c,-3.8856397
18145196,2e6b0b51f761433cb28fae7c439db04c,-4.185504
18145197,2e6b0b51f761433cb28fae7c439db04c,-4.0036416
18145198,2e6b0b51f761433cb28fae7c439db04c,-3.9835312
18145199,2e6b0b51f761433cb28fae7c439db04c,-4.0036416
18145200,2e6b0b51f761433cb28fae7c439db04c,-4.185504
18145201,2e6b0b51f761433cb28fae7c439db04c,-4.011305
18145202,2e6b0b51f761433cb28fae7c439db04c,-4.011305
18145203,2e6b0b51f761433cb28fae7c439db04c,-3.913413
18145204,2e6b0b51f761433cb28fae7c439db04c,-4.306478
18145205,2e6b0b51f761433cb28fae7c439db04c,-3.8856397
18145206,2e6b0b51f761433cb28fae7c439db04c,-4.076353
18145207,2e6b0b51f761433cb28fae7c439db04c,-3.9835312
18145208,2e6b0b51f761433cb28fae7c439db04c,-3.913413
18145209,2e6b0b51f761433cb28fae7c439db04c,-3.8856397
18145210,2e6b0b51f761433cb28fae7c439db04c,-4.0036416
18145211,2e6b0b51f761433cb28fae7c439db04c,-3.9835312
18145212,2e6b0b51f761433cb28fae7c439db04c,-4.0036416
18145213,2e6b0b51f761433cb28fae7c439db04c,-4.011305
18145214,2e6b0b51f761433cb28fae7c439db04c,-4.011305
18145215,2e6b0b51f761433cb28fae7c439db04c,-4.045404
18145216,2e6b0b51f761433cb28fae7c439db04c,-4.1069603
18145217,2e6b0b51f761433cb28fae7c439db04c,-4.1069603
18145218,2e6b0b51f761433cb28fae7c439db04c,-4.045404
18145219,2e6b0b51f761433cb28fae7c439db04c,-3.913413
18145220,2e6b0b51f761433cb28fae7c439db04c,-3.8856397
18145221,2e6b0b51f761433cb28fae7c439db04c,-3.913413
18145222,2e6b0b51f761433cb28fae7c439db04c,-3.8856397
18145223,2e6b0b51f761433cb28fae7c439db04c,-4.2823515
18145224,2e6b0b51f761433cb28fae7c439db04c,-3.913413
18145225,2e6b0b51f761433cb28fae7c439db04c,-4.306478
18145226,2e6b0b51f761433cb28fae7c439db04c,-4.2823515
18145227,2e6b0b51f761433cb28fae7c439db04c,-3.8856397
18145228,2e6b0b51f761433cb28fae7c439db04c,-3.913413
18145229,2e6b0b51f761433cb28fae7c439db04c,-3.8856397
18145230,2e6b0b51f761433cb28fae7c439db04c,-3.913413
18145231,2e6b0b51f761433cb28fae7c439db04c,-4.306478
18145232,2e6b0b51f761433cb28fae7c439db04c,-3.8856397
18145233,2e6b0b51f761433cb28fae7c439db04c,-3.913413
18145234,2e6b0b51f761433cb28fae7c439db04c,-3.8856397
18145235,2e6b0b51f761433cb28fae7c439db04c,-4.3953023
18145236,2e6b0b51f761433cb28fae7c439db04c,-4.3953023
18145295,726ad47c29bb4196b54bbe283a7267bb,0.37180626
18145296,726ad47c29bb4196b54bbe283a7267bb,0.81655204
18145297,726ad47c29bb4196b54bbe283a7267bb,0.039285257
18145298,726ad47c29bb4196b54bbe283a7267bb,0.65352106
18145299,726ad47c29bb4196b54bbe283a7267bb,-0.5962612
18145300,726ad47c29bb4196b54bbe283a7267bb,-0.031420954
18145301,726ad47c29bb4196b54bbe283a7267bb,-1.7109236
18145302,726ad47c29bb4196b54bbe283a7267bb,-0.41978973
18145303,726ad47c29bb4196b54bbe283a7267bb,0.046016376
18145304,726ad47c29bb4196b54bbe283a7267bb,-1.5782808
18145305,726ad47c29bb4196b54bbe283a7267bb,0.37180626
18145306,726ad47c29bb4196b54bbe283a7267bb,0.37180626
18145307,726ad47c29bb4196b54bbe283a7267bb,0.864089
18145308,726ad47c29bb4196b54bbe283a7267bb,-0.00077005057
18145309,726ad47c29bb4196b54bbe283a7267bb,0.64409137
18145310,726ad47c29bb4196b54bbe283a7267bb,1.1159322
18145311,726ad47c29bb4196b54bbe283a7267bb,0.11242677
18145312,726ad47c29bb4196b54bbe283a7267bb,0.7776364
18145313,726ad47c29bb4196b54bbe283a7267bb,0.7776364
18145314,726ad47c29bb4196b54bbe283a7267bb,1.0146308
18145315,726ad47c29bb4196b54bbe283a7267bb,0.20075645
18145316,726ad47c29bb4196b54bbe283a7267bb,0.7252429
18145317,726ad47c29bb4196b54bbe283a7267bb,0.6016591
18145318,726ad47c29bb4196b54bbe283a7267bb,-0.15624878
18145319,726ad47c29bb4196b54bbe283a7267bb,-0.17421603
18145320,726ad47c29bb4196b54bbe283a7267bb,0.5800817
18145321,726ad47c29bb4196b54bbe283a7267bb,-0.098157994
18145322,726ad47c29bb4196b54bbe283a7267bb,-0.8607788
18145323,726ad47c29bb4196b54bbe283a7267bb,-2.2443686
18145324,726ad47c29bb4196b54bbe283a7267bb,0.057250287
18145325,726ad47c29bb4196b54bbe283a7267bb,-0.7358887
18145326,726ad47c29bb4196b54bbe283a7267bb,-2.0968986
18145327,726ad47c29bb4196b54bbe283a7267bb,0.104808874
18145328,726ad47c29bb4196b54bbe283a7267bb,1.1133211
18145329,726ad47c29bb4196b54bbe283a7267bb,1.2176137
18145330,726ad47c29bb4196b54bbe283a7267bb,1.0940301
18145331,726ad47c29bb4196b54bbe283a7267bb,0.32884094
18145332,726ad47c29bb4196b54bbe283a7267bb,1.1133211
18145333,726ad47c29bb4196b54bbe283a7267bb,1.2176137
18145334,726ad47c29bb4196b54bbe283a7267bb,1.0940301
18145335,726ad47c29bb4196b54bbe283a7267bb,0.32884094
18145336,726ad47c29bb4196b54bbe283a7267bb,0.31087366
18145337,726ad47c29bb4196b54bbe283a7267bb,0.31087366
18145338,726ad47c29bb4196b54bbe283a7267bb,0.4982885
18145339,726ad47c29bb4196b54bbe283a7267bb,0.4982885
18145340,726ad47c29bb4196b54bbe283a7267bb,1.2374368
18145341,726ad47c29bb4196b54bbe283a7267bb,0.95176274
18145342,726ad47c29bb4196b54bbe283a7267bb,-0.43588907
18145343,726ad47c29bb4196b54bbe283a7267bb,-1.4145101
18145344,726ad47c29bb4196b54bbe283a7267bb,1.1530043
18145345,726ad47c29bb4196b54bbe283a7267bb,-0.2801233
18145346,726ad47c29bb4196b54bbe283a7267bb,-1.3284193
18145347,726ad47c29bb4196b54bbe283a7267bb,1.0408577
18145348,726ad47c29bb4196b54bbe283a7267bb,-0.3510814
18145349,726ad47c29bb4196b54bbe283a7267bb,-1.381713
18145350,726ad47c29bb4196b54bbe283a7267bb,0.17525363
18145351,726ad47c29bb4196b54bbe283a7267bb,-1.227956
18145352,726ad47c29bb4196b54bbe283a7267bb,-2.1530635
18145353,726ad47c29bb4196b54bbe283a7267bb,0.1572862
18145354,726ad47c29bb4196b54bbe283a7267bb,-1.227956
18145355,726ad47c29bb4196b54bbe283a7267bb,-2.1530635
18145356,726ad47c29bb4196b54bbe283a7267bb,0.21356268
18145357,726ad47c29bb4196b54bbe283a7267bb,-1.0405517
18145358,726ad47c29bb4196b54bbe283a7267bb,-1.938561
18145359,726ad47c29bb4196b54bbe283a7267bb,0.6409724
18145360,726ad47c29bb4196b54bbe283a7267bb,-0.41944897
18145361,726ad47c29bb4196b54bbe283a7267bb,-1.4145101
18145362,726ad47c29bb4196b54bbe283a7267bb,0.84221417
18145363,726ad47c29bb4196b54bbe283a7267bb,-0.26368323
18145364,726ad47c29bb4196b54bbe283a7267bb,-1.3284193
18145365,726ad47c29bb4196b54bbe283a7267bb,0.7300672
18145366,726ad47c29bb4196b54bbe283a7267bb,-0.33464128
18145367,726ad47c29bb4196b54bbe283a7267bb,-1.381713
18145368,726ad47c29bb4196b54bbe283a7267bb,-0.1355364
18145369,726ad47c29bb4196b54bbe283a7267bb,-1.2115159
18145370,726ad47c29bb4196b54bbe283a7267bb,-2.1530635
18145371,726ad47c29bb4196b54bbe283a7267bb,0.864089
18145372,726ad47c29bb4196b54bbe283a7267bb,0.6409724
18145373,726ad47c29bb4196b54bbe283a7267bb,-0.41944897
18145374,726ad47c29bb4196b54bbe283a7267bb,-1.4145101
18145375,726ad47c29bb4196b54bbe283a7267bb,0.6409724
18145376,726ad47c29bb4196b54bbe283a7267bb,-0.41944897
18145377,726ad47c29bb4196b54bbe283a7267bb,-1.4145101
18145378,726ad47c29bb4196b54bbe283a7267bb,0.84221417
18145379,726ad47c29bb4196b54bbe283a7267bb,-0.26368323
18145380,726ad47c29bb4196b54bbe283a7267bb,-1.3284193
18145381,726ad47c29bb4196b54bbe283a7267bb,0.84221417
18145382,726ad47c29bb4196b54bbe283a7267bb,-0.26368323
18145383,726ad47c29bb4196b54bbe283a7267bb,-1.3284193
18145384,726ad47c29bb4196b54bbe283a7267bb,0.7300672
18145385,726ad47c29bb4196b54bbe283a7267bb,-0.33464128
18145386,726ad47c29bb4196b54bbe283a7267bb,-1.381713
18145387,726ad47c29bb4196b54bbe283a7267bb,0.7300672
18145388,726ad47c29bb4196b54bbe283a7267bb,-0.33464128
18145389,726ad47c29bb4196b54bbe283a7267bb,-1.381713
18145390,726ad47c29bb4196b54bbe283a7267bb,-0.15350369
18145391,726ad47c29bb4196b54bbe283a7267bb,-1.2115159
18145392,726ad47c29bb4196b54bbe283a7267bb,-2.1530635
18145393,726ad47c29bb4196b54bbe283a7267bb,-0.1355364
18145394,726ad47c29bb4196b54bbe283a7267bb,-1.2115159
18145395,726ad47c29bb4196b54bbe283a7267bb,-2.1530635
18145396,726ad47c29bb4196b54bbe283a7267bb,-0.1355364
18145397,726ad47c29bb4196b54bbe283a7267bb,-1.2115159
18145398,726ad47c29bb4196b54bbe283a7267bb,-2.1530635
18145399,726ad47c29bb4196b54bbe283a7267bb,0.864089
18145400,726ad47c29bb4196b54bbe283a7267bb,0.864089
18145401,726ad47c29bb4196b54bbe283a7267bb,-0.04633063
18145402,726ad47c29bb4196b54bbe283a7267bb,-1.0241116
18145403,726ad47c29bb4196b54bbe283a7267bb,-1.938561
18145404,726ad47c29bb4196b54bbe283a7267bb,-0.15350369
18145405,726ad47c29bb4196b54bbe283a7267bb,-1.2115159
18145406,726ad47c29bb4196b54bbe283a7267bb,-2.1530635
18145407,726ad47c29bb4196b54bbe283a7267bb,-0.15350369
18145408,726ad47c29bb4196b54bbe283a7267bb,-1.2115159
18145409,726ad47c29bb4196b54bbe283a7267bb,-2.1530635
18145410,726ad47c29bb4196b54bbe283a7267bb,1.3248863
18145411,726ad47c29bb4196b54bbe283a7267bb,0.23819607
18145412,726ad47c29bb4196b54bbe283a7267bb,0.18200962
18145413,726ad47c29bb4196b54bbe283a7267bb,0.8804977
18145414,726ad47c29bb4196b54bbe283a7267bb,0.9847906
18145415,726ad47c29bb4196b54bbe283a7267bb,0.86120707
18145416,726ad47c29bb4196b54bbe283a7267bb,0.09601785
18145417,726ad47c29bb4196b54bbe283a7267bb,-0.04633063
18145418,726ad47c29bb4196b54bbe283a7267bb,-1.0241116
18145419,726ad47c29bb4196b54bbe283a7267bb,-1.938561
18145420,726ad47c29bb4196b54bbe283a7267bb,-0.04633063
18145421,726ad47c29bb4196b54bbe283a7267bb,-1.0241116
18145422,726ad47c29bb4196b54bbe283a7267bb,-1.938561
18145423,726ad47c29bb4196b54bbe283a7267bb,0.07805054
18145424,726ad47c29bb4196b54bbe283a7267bb,0.3163621
18145425,726ad47c29bb4196b54bbe283a7267bb,0.864089
18145426,726ad47c29bb4196b54bbe283a7267bb,1.0146308
18145427,726ad47c29bb4196b54bbe283a7267bb,1.0146308
18145428,726ad47c29bb4196b54bbe283a7267bb,1.0146308
18145429,726ad47c29bb4196b54bbe283a7267bb,0.5792075
18145430,726ad47c29bb4196b54bbe283a7267bb,-0.33084384
18145431,726ad47c29bb4196b54bbe283a7267bb,-1.4066702
18145432,726ad47c29bb4196b54bbe283a7267bb,0.5792075
18145433,726ad47c29bb4196b54bbe283a7267bb,-0.33084384
18145434,726ad47c29bb4196b54bbe283a7267bb,-1.4066702
18145435,726ad47c29bb4196b54bbe283a7267bb,0.75013447
18145436,726ad47c29bb4196b54bbe283a7267bb,-0.17507805
18145437,726ad47c29bb4196b54bbe283a7267bb,-1.304943
18145438,726ad47c29bb4196b54bbe283a7267bb,0.75013447
18145439,726ad47c29bb4196b54bbe283a7267bb,-0.17507805
18145440,726ad47c29bb4196b54bbe283a7267bb,-1.304943
18145441,726ad47c29bb4196b54bbe283a7267bb,0.6379875
18145442,726ad47c29bb4196b54bbe283a7267bb,-0.24603619
18145443,726ad47c29bb4196b54bbe283a7267bb,-1.3582367
18145444,726ad47c29bb4196b54bbe283a7267bb,0.6379875
18145445,726ad47c29bb4196b54bbe283a7267bb,-0.24603619
18145446,726ad47c29bb4196b54bbe283a7267bb,-1.3582367
18145447,726ad47c29bb4196b54bbe283a7267bb,-0.255961
18145448,726ad47c29bb4196b54bbe283a7267bb,-1.1229107
18145449,726ad47c29bb4196b54bbe283a7267bb,-2.1295874
18145450,726ad47c29bb4196b54bbe283a7267bb,-0.255961
18145451,726ad47c29bb4196b54bbe283a7267bb,-1.1229107
18145452,726ad47c29bb4196b54bbe283a7267bb,-2.1295874
18145453,726ad47c29bb4196b54bbe283a7267bb,1.0146308
18145454,726ad47c29bb4196b54bbe283a7267bb,1.2082808
18145455,726ad47c29bb4196b54bbe283a7267bb,0.5792075
18145456,726ad47c29bb4196b54bbe283a7267bb,-0.33084384
18145457,726ad47c29bb4196b54bbe283a7267bb,-1.4066702
18145458,726ad47c29bb4196b54bbe283a7267bb,0.75013447
18145459,726ad47c29bb4196b54bbe283a7267bb,-0.17507805
18145460,726ad47c29bb4196b54bbe283a7267bb,-1.304943
18145461,726ad47c29bb4196b54bbe283a7267bb,0.6379875
18145462,726ad47c29bb4196b54bbe283a7267bb,-0.24603619
18145463,726ad47c29bb4196b54bbe283a7267bb,-1.3582367
18145464,726ad47c29bb4196b54bbe283a7267bb,-0.2739283
18145465,726ad47c29bb4196b54bbe283a7267bb,-1.1229107
18145466,726ad47c29bb4196b54bbe283a7267bb,-2.1295874
18145467,726ad47c29bb4196b54bbe283a7267bb,-0.2739283
18145468,726ad47c29bb4196b54bbe283a7267bb,-1.1229107
18145469,726ad47c29bb4196b54bbe283a7267bb,-2.1295874
18145470,726ad47c29bb4196b54bbe283a7267bb,-0.255961
18145471,726ad47c29bb4196b54bbe283a7267bb,-1.1229107
18145472,726ad47c29bb4196b54bbe283a7267bb,-2.1295874
18145473,726ad47c29bb4196b54bbe283a7267bb,-0.123106085
18145474,726ad47c29bb4196b54bbe283a7267bb,-0.9355063
18145475,726ad47c29bb4196b54bbe283a7267bb,-1.930721
18145476,726ad47c29bb4196b54bbe283a7267bb,-0.123106085
18145477,726ad47c29bb4196b54bbe283a7267bb,-0.9355063
18145478,726ad47c29bb4196b54bbe283a7267bb,-1.930721
18145479,726ad47c29bb4196b54bbe283a7267bb,-0.2739283
18145480,726ad47c29bb4196b54bbe283a7267bb,-1.1229107
18145481,726ad47c29bb4196b54bbe283a7267bb,-2.1295874
18145482,726ad47c29bb4196b54bbe283a7267bb,-0.123106085
18145483,726ad47c29bb4196b54bbe283a7267bb,-0.9355063
18145484,726ad47c29bb4196b54bbe283a7267bb,-1.930721
18145485,726ad47c29bb4196b54bbe283a7267bb,0.7191383
18145486,726ad47c29bb4196b54bbe283a7267bb,0.7191383
18145487,726ad47c29bb4196b54bbe283a7267bb,0.7191383
18145488,726ad47c29bb4196b54bbe283a7267bb,1.2435038
18145489,726ad47c29bb4196b54bbe283a7267bb,1.2435038
18145490,726ad47c29bb4196b54bbe283a7267bb,1.2435038
18145491,726ad47c29bb4196b54bbe283a7267bb,1.0283929
18145492,726ad47c29bb4196b54bbe283a7267bb,1.0283929
18145493,726ad47c29bb4196b54bbe283a7267bb,1.0283929
18145494,726ad47c29bb4196b54bbe283a7267bb,0.22175595
18145495,726ad47c29bb4196b54bbe283a7267bb,0.22175595
18145496,726ad47c29bb4196b54bbe283a7267bb,0.22175595
18145497,726ad47c29bb4196b54bbe283a7267bb,0.32192323
18145498,726ad47c29bb4196b54bbe283a7267bb,-1.019656
18145499,726ad47c29bb4196b54bbe283a7267bb,-1.019656
18145500,726ad47c29bb4196b54bbe283a7267bb,-1.6708444
18145501,726ad47c29bb4196b54bbe283a7267bb,-1.8163428
18145502,726ad47c29bb4196b54bbe283a7267bb,-1.8163428
18145503,726ad47c29bb4196b54bbe283a7267bb,-1.802581
18145504,726ad47c29bb4196b54bbe283a7267bb,-2.4141235
18145505,726ad47c29bb4196b54bbe283a7267bb,-2.4141235
18145506,726ad47c29bb4196b54bbe283a7267bb,-2.4141235
18145507,726ad47c29bb4196b54bbe283a7267bb,-2.4465632
18145508,726ad47c29bb4196b54bbe283a7267bb,-2.3852212
18145509,726ad47c29bb4196b54bbe283a7267bb,-2.3852212
18145510,726ad47c29bb4196b54bbe283a7267bb,-2.3852212
18145511,726ad47c29bb4196b54bbe283a7267bb,-0.18615061
18145512,726ad47c29bb4196b54bbe283a7267bb,-0.08143076
18145513,726ad47c29bb4196b54bbe283a7267bb,-0.02261417
18145514,726ad47c29bb4196b54bbe283a7267bb,-0.10500874
18145515,726ad47c29bb4196b54bbe283a7267bb,-0.881469
18145516,726ad47c29bb4196b54bbe283a7267bb,0.34193805
18145517,726ad47c29bb4196b54bbe283a7267bb,0.09511534
18145518,726ad47c29bb4196b54bbe283a7267bb,-0.881469
18145519,726ad47c29bb4196b54bbe283a7267bb,-0.610786
18145520,726ad47c29bb4196b54bbe283a7267bb,-2.2090735
18145521,458c1e8431814da99092580f45eed7e8,0.37180626
18145522,458c1e8431814da99092580f45eed7e8,0.81655204
18145523,458c1e8431814da99092580f45eed7e8,0.039285257
18145524,458c1e8431814da99092580f45eed7e8,0.65352106
18145525,458c1e8431814da99092580f45eed7e8,-0.5962612
18145526,458c1e8431814da99092580f45eed7e8,-0.031420954
18145527,458c1e8431814da99092580f45eed7e8,-1.7109236
18145528,458c1e8431814da99092580f45eed7e8,-0.41978973
18145529,458c1e8431814da99092580f45eed7e8,0.046016376
18145530,458c1e8431814da99092580f45eed7e8,-1.5782808
18145531,458c1e8431814da99092580f45eed7e8,0.37180626
18145532,458c1e8431814da99092580f45eed7e8,0.37180626
18145533,458c1e8431814da99092580f45eed7e8,0.864089
18145534,458c1e8431814da99092580f45eed7e8,-0.00077005057
18145535,458c1e8431814da99092580f45eed7e8,0.64409137
18145536,458c1e8431814da99092580f45eed7e8,1.1159322
18145537,458c1e8431814da99092580f45eed7e8,0.11242677
18145538,458c1e8431814da99092580f45eed7e8,0.7776364
18145539,458c1e8431814da99092580f45eed7e8,0.7776364
18145540,458c1e8431814da99092580f45eed7e8,1.0146308
18145541,458c1e8431814da99092580f45eed7e8,0.20075645
18145542,458c1e8431814da99092580f45eed7e8,0.7252429
18145543,458c1e8431814da99092580f45eed7e8,0.6016591
18145544,458c1e8431814da99092580f45eed7e8,-0.15624878
18145545,458c1e8431814da99092580f45eed7e8,-0.17421603
18145546,458c1e8431814da99092580f45eed7e8,0.5800817
18145547,458c1e8431814da99092580f45eed7e8,-0.098157994
18145548,458c1e8431814da99092580f45eed7e8,-0.8607788
18145549,458c1e8431814da99092580f45eed7e8,-2.2443686
18145550,458c1e8431814da99092580f45eed7e8,0.057250287
18145551,458c1e8431814da99092580f45eed7e8,-0.7358887
18145552,458c1e8431814da99092580f45eed7e8,-2.0968986
18145553,458c1e8431814da99092580f45eed7e8,0.104808874
18145554,458c1e8431814da99092580f45eed7e8,1.1133211
18145555,458c1e8431814da99092580f45eed7e8,1.2176137
18145556,458c1e8431814da99092580f45eed7e8,1.0940301
18145557,458c1e8431814da99092580f45eed7e8,0.32884094
18145558,458c1e8431814da99092580f45eed7e8,1.1133211
18145559,458c1e8431814da99092580f45eed7e8,1.2176137
18145560,458c1e8431814da99092580f45eed7e8,1.0940301
18145561,458c1e8431814da99092580f45eed7e8,0.32884094
18145562,458c1e8431814da99092580f45eed7e8,0.31087366
18145563,458c1e8431814da99092580f45eed7e8,0.31087366
18145564,458c1e8431814da99092580f45eed7e8,0.4982885
18145565,458c1e8431814da99092580f45eed7e8,0.4982885
18145566,458c1e8431814da99092580f45eed7e8,1.2374368
18145567,458c1e8431814da99092580f45eed7e8,0.95176274
18145568,458c1e8431814da99092580f45eed7e8,-0.43588907
18145569,458c1e8431814da99092580f45eed7e8,-1.4145101
18145570,458c1e8431814da99092580f45eed7e8,1.1530043
18145571,458c1e8431814da99092580f45eed7e8,-0.2801233
18145572,458c1e8431814da99092580f45eed7e8,-1.3284193
18145573,458c1e8431814da99092580f45eed7e8,1.0408577
18145574,458c1e8431814da99092580f45eed7e8,-0.3510814
18145575,458c1e8431814da99092580f45eed7e8,-1.381713
18145576,458c1e8431814da99092580f45eed7e8,0.17525363
18145577,458c1e8431814da99092580f45eed7e8,-1.227956
18145578,458c1e8431814da99092580f45eed7e8,-2.1530635
18145579,458c1e8431814da99092580f45eed7e8,0.1572862
18145580,458c1e8431814da99092580f45eed7e8,-1.227956
18145581,458c1e8431814da99092580f45eed7e8,-2.1530635
18145582,458c1e8431814da99092580f45eed7e8,0.21356268
18145583,458c1e8431814da99092580f45eed7e8,-1.0405517
18145584,458c1e8431814da99092580f45eed7e8,-1.938561
18145585,458c1e8431814da99092580f45eed7e8,0.6409724
18145586,458c1e8431814da99092580f45eed7e8,-0.41944897
18145587,458c1e8431814da99092580f45eed7e8,-1.4145101
18145588,458c1e8431814da99092580f45eed7e8,0.84221417
18145589,458c1e8431814da99092580f45eed7e8,-0.26368323
18145590,458c1e8431814da99092580f45eed7e8,-1.3284193
18145591,458c1e8431814da99092580f45eed7e8,0.7300672
18145592,458c1e8431814da99092580f45eed7e8,-0.33464128
18145593,458c1e8431814da99092580f45eed7e8,-1.381713
18145594,458c1e8431814da99092580f45eed7e8,-0.1355364
18145595,458c1e8431814da99092580f45eed7e8,-1.2115159
18145596,458c1e8431814da99092580f45eed7e8,-2.1530635
18145597,458c1e8431814da99092580f45eed7e8,0.864089
18145598,458c1e8431814da99092580f45eed7e8,0.6409724
18145599,458c1e8431814da99092580f45eed7e8,-0.41944897
18145600,458c1e8431814da99092580f45eed7e8,-1.4145101
18145601,458c1e8431814da99092580f45eed7e8,0.6409724
18145602,458c1e8431814da99092580f45eed7e8,-0.41944897
18145603,458c1e8431814da99092580f45eed7e8,-1.4145101
18145604,458c1e8431814da99092580f45eed7e8,0.84221417
18145605,458c1e8431814da99092580f45eed7e8,-0.26368323
18145606,458c1e8431814da99092580f45eed7e8,-1.3284193
18145607,458c1e8431814da99092580f45eed7e8,0.84221417
18145608,458c1e8431814da99092580f45eed7e8,-0.26368323
18145609,458c1e8431814da99092580f45eed7e8,-1.3284193
18145610,458c1e8431814da99092580f45eed7e8,0.7300672
18145611,458c1e8431814da99092580f45eed7e8,-0.33464128
18145612,458c1e8431814da99092580f45eed7e8,-1.381713
18145613,458c1e8431814da99092580f45eed7e8,0.7300672
18145614,458c1e8431814da99092580f45eed7e8,-0.33464128
18145615,458c1e8431814da99092580f45eed7e8,-1.381713
18145616,458c1e8431814da99092580f45eed7e8,-0.15350369
18145617,458c1e8431814da99092580f45eed7e8,-1.2115159
18145618,458c1e8431814da99092580f45eed7e8,-2.1530635
18145619,458c1e8431814da99092580f45eed7e8,-0.1355364
18145620,458c1e8431814da99092580f45eed7e8,-1.2115159
18145621,458c1e8431814da99092580f45eed7e8,-2.1530635
18145622,458c1e8431814da99092580f45eed7e8,-0.1355364
18145623,458c1e8431814da99092580f45eed7e8,-1.2115159
18145624,458c1e8431814da99092580f45eed7e8,-2.1530635
18145625,458c1e8431814da99092580f45eed7e8,0.864089
18145626,458c1e8431814da99092580f45eed7e8,0.864089
18145627,458c1e8431814da99092580f45eed7e8,-0.04633063
18145628,458c1e8431814da99092580f45eed7e8,-1.0241116
18145629,458c1e8431814da99092580f45eed7e8,-1.938561
18145630,458c1e8431814da99092580f45eed7e8,-0.15350369
18145631,458c1e8431814da99092580f45eed7e8,-1.2115159
18145632,458c1e8431814da99092580f45eed7e8,-2.1530635
18145633,458c1e8431814da99092580f45eed7e8,-0.15350369
18145634,458c1e8431814da99092580f45eed7e8,-1.2115159
18145635,458c1e8431814da99092580f45eed7e8,-2.1530635
18145636,458c1e8431814da99092580f45eed7e8,1.3248863
18145637,458c1e8431814da99092580f45eed7e8,0.23819607
18145638,458c1e8431814da99092580f45eed7e8,0.18200962
18145639,458c1e8431814da99092580f45eed7e8,0.8804977
18145640,458c1e8431814da99092580f45eed7e8,0.9847906
18145641,458c1e8431814da99092580f45eed7e8,0.86120707
18145642,458c1e8431814da99092580f45eed7e8,0.09601785
18145643,458c1e8431814da99092580f45eed7e8,-0.04633063
18145644,458c1e8431814da99092580f45eed7e8,-1.0241116
18145645,458c1e8431814da99092580f45eed7e8,-1.938561
18145646,458c1e8431814da99092580f45eed7e8,-0.04633063
18145647,458c1e8431814da99092580f45eed7e8,-1.0241116
18145648,458c1e8431814da99092580f45eed7e8,-1.938561
18145649,458c1e8431814da99092580f45eed7e8,0.07805054
18145650,458c1e8431814da99092580f45eed7e8,0.3163621
18145651,458c1e8431814da99092580f45eed7e8,0.864089
18145652,458c1e8431814da99092580f45eed7e8,1.0146308
18145653,458c1e8431814da99092580f45eed7e8,1.0146308
18145654,458c1e8431814da99092580f45eed7e8,1.0146308
18145655,458c1e8431814da99092580f45eed7e8,0.5792075
18145656,458c1e8431814da99092580f45eed7e8,-0.33084384
18145657,458c1e8431814da99092580f45eed7e8,-1.4066702
18145658,458c1e8431814da99092580f45eed7e8,0.5792075
18145659,458c1e8431814da99092580f45eed7e8,-0.33084384
18145660,458c1e8431814da99092580f45eed7e8,-1.4066702
18145661,458c1e8431814da99092580f45eed7e8,0.75013447
18145662,458c1e8431814da99092580f45eed7e8,-0.17507805
18145663,458c1e8431814da99092580f45eed7e8,-1.304943
18145664,458c1e8431814da99092580f45eed7e8,0.75013447
18145665,458c1e8431814da99092580f45eed7e8,-0.17507805
18145666,458c1e8431814da99092580f45eed7e8,-1.304943
18145667,458c1e8431814da99092580f45eed7e8,0.6379875
18145668,458c1e8431814da99092580f45eed7e8,-0.24603619
18145669,458c1e8431814da99092580f45eed7e8,-1.3582367
18145670,458c1e8431814da99092580f45eed7e8,0.6379875
18145671,458c1e8431814da99092580f45eed7e8,-0.24603619
18145672,458c1e8431814da99092580f45eed7e8,-1.3582367
18145673,458c1e8431814da99092580f45eed7e8,-0.255961
18145674,458c1e8431814da99092580f45eed7e8,-1.1229107
18145675,458c1e8431814da99092580f45eed7e8,-2.1295874
18145676,458c1e8431814da99092580f45eed7e8,-0.255961
18145677,458c1e8431814da99092580f45eed7e8,-1.1229107
18145678,458c1e8431814da99092580f45eed7e8,-2.1295874
18145679,458c1e8431814da99092580f45eed7e8,1.0146308
18145680,458c1e8431814da99092580f45eed7e8,1.2082808
18145681,458c1e8431814da99092580f45eed7e8,0.5792075
18145682,458c1e8431814da99092580f45eed7e8,-0.33084384
18145683,458c1e8431814da99092580f45eed7e8,-1.4066702
18145684,458c1e8431814da99092580f45eed7e8,0.75013447
18145685,458c1e8431814da99092580f45eed7e8,-0.17507805
18145686,458c1e8431814da99092580f45eed7e8,-1.304943
18145687,458c1e8431814da99092580f45eed7e8,0.6379875
18145688,458c1e8431814da99092580f45eed7e8,-0.24603619
18145689,458c1e8431814da99092580f45eed7e8,-1.3582367
18145690,458c1e8431814da99092580f45eed7e8,-0.2739283
18145691,458c1e8431814da99092580f45eed7e8,-1.1229107
18145692,458c1e8431814da99092580f45eed7e8,-2.1295874
18145693,458c1e8431814da99092580f45eed7e8,-0.2739283
18145694,458c1e8431814da99092580f45eed7e8,-1.1229107
18145695,458c1e8431814da99092580f45eed7e8,-2.1295874
18145696,458c1e8431814da99092580f45eed7e8,-0.255961
18145697,458c1e8431814da99092580f45eed7e8,-1.1229107
18145698,458c1e8431814da99092580f45eed7e8,-2.1295874
18145699,458c1e8431814da99092580f45eed7e8,-0.123106085
18145700,458c1e8431814da99092580f45eed7e8,-0.9355063
18145701,458c1e8431814da99092580f45eed7e8,-1.930721
18145702,458c1e8431814da99092580f45eed7e8,-0.123106085
18145703,458c1e8431814da99092580f45eed7e8,-0.9355063
18145704,458c1e8431814da99092580f45eed7e8,-1.930721
18145705,458c1e8431814da99092580f45eed7e8,-0.2739283
18145706,458c1e8431814da99092580f45eed7e8,-1.1229107
18145707,458c1e8431814da99092580f45eed7e8,-2.1295874
18145708,458c1e8431814da99092580f45eed7e8,-0.123106085
18145709,458c1e8431814da99092580f45eed7e8,-0.9355063
18145710,458c1e8431814da99092580f45eed7e8,-1.930721
18145711,458c1e8431814da99092580f45eed7e8,0.7191383
18145712,458c1e8431814da99092580f45eed7e8,0.7191383
18145713,458c1e8431814da99092580f45eed7e8,0.7191383
18145714,458c1e8431814da99092580f45eed7e8,1.2435038
18145715,458c1e8431814da99092580f45eed7e8,1.2435038
18145716,458c1e8431814da99092580f45eed7e8,1.2435038
18145717,458c1e8431814da99092580f45eed7e8,1.0283929
18145718,458c1e8431814da99092580f45eed7e8,1.0283929
18145719,458c1e8431814da99092580f45eed7e8,1.0283929
18145720,458c1e8431814da99092580f45eed7e8,0.22175595
18145721,458c1e8431814da99092580f45eed7e8,0.22175595
18145722,458c1e8431814da99092580f45eed7e8,0.22175595
18145723,458c1e8431814da99092580f45eed7e8,0.32192323
18145724,458c1e8431814da99092580f45eed7e8,-1.019656
18145725,458c1e8431814da99092580f45eed7e8,-1.019656
18145726,458c1e8431814da99092580f45eed7e8,-1.6708444
18145727,458c1e8431814da99092580f45eed7e8,-1.8163428
18145728,458c1e8431814da99092580f45eed7e8,-1.8163428
18145729,458c1e8431814da99092580f45eed7e8,-1.802581
18145730,458c1e8431814da99092580f45eed7e8,-2.4141235
18145731,458c1e8431814da99092580f45eed7e8,-2.4141235
18145732,458c1e8431814da99092580f45eed7e8,-2.4141235
18145733,458c1e8431814da99092580f45eed7e8,-2.4465632
18145734,458c1e8431814da99092580f45eed7e8,-2.3852212
18145735,458c1e8431814da99092580f45eed7e8,-2.3852212
18145736,458c1e8431814da99092580f45eed7e8,-2.3852212
